evaluator_only,policy_name,policy_kind,fold,aggregation,policy_auroc,oracle_auroc,oracle_regret,policy_ap,oracle_ap,ap_regret,policy_f1,oracle_f1,f1_regret
True,always_anomalydino,realizable_policy,fold0,micro,0.512405614772,0.522373299108,0.00996768433631,0.752410167625,0.758494100058,0.00608393243345,0.0403257076386,0.190792928409,0.15046722077
True,always_anomalydino,realizable_policy,fold0,macro_category,0.602904538629,0.623789814855,0.0208852762256,0.80000977368,0.81708148134,0.0170717076601,0.0364184213113,0.159286457032,0.122868035721
True,always_anomalydino,realizable_policy,fold0,macro_run,0.636458849272,0.677933061132,0.0414742118599,0.830750391097,0.852601991298,0.0218516002014,0.031747972006,0.103967489953,0.0722195179474
True,always_anomalydino,realizable_policy,fold1,micro,0.507801249732,0.528047264105,0.0202460143731,0.747204485972,0.759342394029,0.0121379080579,0.0319501266316,0.25751786011,0.225567733478
True,always_anomalydino,realizable_policy,fold1,macro_category,0.605284023841,0.622438105016,0.0171540811754,0.79477353954,0.815235789251,0.0204622497111,0.029889621159,0.223896596627,0.194006975468
True,always_anomalydino,realizable_policy,fold1,macro_run,0.6374531002,0.693018399989,0.0555652997894,0.828939363172,0.85755051894,0.0286111557688,0.0280123568675,0.139593579755,0.111581222887
True,always_anomalydino,realizable_policy,fold2,micro,0.497313021076,0.518975452181,0.0216624311047,0.74436032223,0.756993133168,0.0126328109375,0.0338785046729,0.25751503006,0.223636525387
True,always_anomalydino,realizable_policy,fold2,macro_category,0.589879872478,0.612283251385,0.0224033789071,0.79386923782,0.815069863864,0.0212006260444,0.0332845337614,0.213177414597,0.179892880835
True,always_anomalydino,realizable_policy,fold2,macro_run,0.630136298893,0.672594238137,0.0424579392441,0.827675025401,0.8479055824,0.0202305569992,0.0298615877808,0.145106483089,0.115244895308
True,always_anomalydino,realizable_policy,fold3,micro,0.512729026734,0.539480834437,0.0267518077027,0.751004306743,0.762939095694,0.0119347889508,0.0463678516229,0.267942583732,0.221574732109
True,always_anomalydino,realizable_policy,fold3,macro_category,0.600643355586,0.621449591158,0.0208062355722,0.801131514474,0.813165907722,0.0120343932477,0.0457514623217,0.200316537757,0.154565075435
True,always_anomalydino,realizable_policy,fold3,macro_run,0.630268931402,0.676770821788,0.0465018903859,0.826636899769,0.849978217243,0.0233413174732,0.0405753478268,0.128965922944,0.0883905751176
True,always_anomalydino,realizable_policy,fold4,micro,0.510587911882,0.521979353551,0.0113914416684,0.746386174714,0.758226968201,0.0118407934868,0.0487804878049,0.251043231514,0.202262743709
True,always_anomalydino,realizable_policy,fold4,macro_category,0.603249731308,0.627364143511,0.0241144122026,0.804284528585,0.825133436424,0.0208489078395,0.0387173141699,0.21409639715,0.17537908298
True,always_anomalydino,realizable_policy,fold4,macro_run,0.63135393738,0.679746652069,0.0483927146894,0.832007831803,0.85541298778,0.023405155977,0.0345303984507,0.141258500969,0.106728102518
True,always_patchcore,realizable_policy,fold0,micro,0.513372659093,0.522373299108,0.00900064001525,0.749417016439,0.758494100058,0.00907708361882,0.0612909404329,0.190792928409,0.129501987976
True,always_patchcore,realizable_policy,fold0,macro_category,0.601209480538,0.623789814855,0.0225803343162,0.800646604727,0.81708148134,0.0164348766126,0.0573823814276,0.159286457032,0.101904075604
True,always_patchcore,realizable_policy,fold0,macro_run,0.626415682206,0.677933061132,0.0515173789254,0.829253334676,0.852601991298,0.0233486566222,0.0512230451047,0.103967489953,0.0527444448487
True,always_patchcore,realizable_policy,fold1,micro,0.511036965136,0.528047264105,0.0170102989688,0.747745244213,0.759342394029,0.0115971498162,0.0627270988717,0.25751786011,0.194790761238
True,always_patchcore,realizable_policy,fold1,macro_category,0.611580733173,0.622438105016,0.0108573718434,0.803917904343,0.815235789251,0.0113178849083,0.0560006826137,0.223896596627,0.167895914014
True,always_patchcore,realizable_policy,fold1,macro_run,0.633078552845,0.693018399989,0.0599398471435,0.830250221083,0.85755051894,0.027300297857,0.0512917121399,0.139593579755,0.0883018676151
True,always_patchcore,realizable_policy,fold2,micro,0.49963977865,0.518975452181,0.0193356735309,0.743118400458,0.756993133168,0.0138747327094,0.0737082066869,0.25751503006,0.183806823373
True,always_patchcore,realizable_policy,fold2,macro_category,0.589383695189,0.612283251385,0.0228995561961,0.793163448146,0.815069863864,0.0219064157185,0.067512353375,0.213177414597,0.145665061222
True,always_patchcore,realizable_policy,fold2,macro_run,0.611125289347,0.672594238137,0.0614689487896,0.820222946493,0.8479055824,0.0276826359077,0.0590772521403,0.145106483089,0.0860292309484
True,always_patchcore,realizable_policy,fold3,micro,0.523807801377,0.539480834437,0.0156730330595,0.750636847695,0.762939095694,0.012302247999,0.0660557464681,0.267942583732,0.201886837264
True,always_patchcore,realizable_policy,fold3,macro_category,0.61117354226,0.621449591158,0.0102760488986,0.805486934971,0.813165907722,0.00767897275014,0.0592183985861,0.200316537757,0.141098139171
True,always_patchcore,realizable_policy,fold3,macro_run,0.630901908636,0.676770821788,0.0458689131518,0.8287332916,0.849978217243,0.0212449256427,0.0553109537253,0.128965922944,0.073654969219
True,always_patchcore,realizable_policy,fold4,micro,0.511724321941,0.521979353551,0.0102550316093,0.743817454972,0.758226968201,0.0144095132296,0.0920658682635,0.251043231514,0.15897736325
True,always_patchcore,realizable_policy,fold4,macro_category,0.602382119261,0.627364143511,0.0249820242497,0.80241789507,0.825133436424,0.022715541354,0.0736527522935,0.21409639715,0.140443644856
True,always_patchcore,realizable_policy,fold4,macro_run,0.618364273168,0.679746652069,0.0613823789011,0.827762758939,0.85541298778,0.0276502288407,0.06457236917,0.141258500969,0.0766861317987
True,always_winclip,realizable_policy,fold0,micro,0.480365595946,0.522373299108,0.0420077031623,0.729211006209,0.758494100058,0.0292830938497,0.709032127703,0.190792928409,-0.518239199294
True,always_winclip,realizable_policy,fold0,macro_category,0.486560099968,0.623789814855,0.137229714887,0.733736669207,0.81708148134,0.0833448121331,0.700933654305,0.159286457032,-0.541647197272
True,always_winclip,realizable_policy,fold0,macro_run,0.479417403967,0.677933061132,0.198515657164,0.738213088564,0.852601991298,0.114388902735,0.66678597877,0.103967489953,-0.562818488817
True,always_winclip,realizable_policy,fold1,micro,0.453222183167,0.528047264105,0.0748250809381,0.721127882493,0.759342394029,0.0382145115364,0.709632709633,0.25751786011,-0.452114849523
True,always_winclip,realizable_policy,fold1,macro_category,0.482285271097,0.622438105016,0.140152833919,0.73458367757,0.815235789251,0.0806521116811,0.709897880055,0.223896596627,-0.486001283428
True,always_winclip,realizable_policy,fold1,macro_run,0.481641110353,0.693018399989,0.211377289636,0.742174925849,0.85755051894,0.115375593092,0.686187465668,0.139593579755,-0.546593885913
True,always_winclip,realizable_policy,fold2,micro,0.468236051583,0.518975452181,0.0507394005985,0.725282046038,0.756993133168,0.0317110871299,0.712367207857,0.25751503006,-0.454852177797
True,always_winclip,realizable_policy,fold2,macro_category,0.490400132208,0.612283251385,0.121883119177,0.7375125408,0.815069863864,0.0775573230641,0.714465616594,0.213177414597,-0.501288201997
True,always_winclip,realizable_policy,fold2,macro_run,0.490519136645,0.672594238137,0.182075101492,0.745843763228,0.8479055824,0.102061819172,0.688870605473,0.145106483089,-0.543764122384
True,always_winclip,realizable_policy,fold3,micro,0.470964308086,0.539480834437,0.0685165263513,0.725705158109,0.762939095694,0.037233937585,0.709269662921,0.267942583732,-0.441327079189
True,always_winclip,realizable_policy,fold3,macro_category,0.492560821138,0.621449591158,0.12888877002,0.736833687629,0.813165907722,0.0763322200923,0.701959523033,0.200316537757,-0.501642985276
True,always_winclip,realizable_policy,fold3,macro_run,0.476442369814,0.676770821788,0.200328451974,0.737979957914,0.849978217243,0.111998259329,0.66920011913,0.128965922944,-0.540234196185
True,always_winclip,realizable_policy,fold4,micro,0.456150231665,0.521979353551,0.0658291218855,0.721451183483,0.758226968201,0.0367757847185,0.700642054575,0.251043231514,-0.449598823061
True,always_winclip,realizable_policy,fold4,macro_category,0.482504546084,0.627364143511,0.144859597427,0.734556231372,0.825133436424,0.090577205052,0.704041307309,0.21409639715,-0.48994491016
True,always_winclip,realizable_policy,fold4,macro_run,0.485088272272,0.679746652069,0.194658379797,0.741365760681,0.85541298778,0.114047227099,0.681554244209,0.141258500969,-0.54029574324
True,best_single_expert,evaluator_only_reference,fold0,micro,0.512405614772,0.522373299108,0.00996768433631,0.752410167625,0.758494100058,0.00608393243345,0.0403257076386,0.190792928409,0.15046722077
True,best_single_expert,evaluator_only_reference,fold0,macro_category,0.602904538629,0.623789814855,0.0208852762256,0.80000977368,0.81708148134,0.0170717076601,0.0364184213113,0.159286457032,0.122868035721
True,best_single_expert,evaluator_only_reference,fold0,macro_run,0.636458849272,0.677933061132,0.0414742118599,0.830750391097,0.852601991298,0.0218516002014,0.031747972006,0.103967489953,0.0722195179474
True,best_single_expert,evaluator_only_reference,fold1,micro,0.507801249732,0.528047264105,0.0202460143731,0.747204485972,0.759342394029,0.0121379080579,0.0319501266316,0.25751786011,0.225567733478
True,best_single_expert,evaluator_only_reference,fold1,macro_category,0.605284023841,0.622438105016,0.0171540811754,0.79477353954,0.815235789251,0.0204622497111,0.029889621159,0.223896596627,0.194006975468
True,best_single_expert,evaluator_only_reference,fold1,macro_run,0.6374531002,0.693018399989,0.0555652997894,0.828939363172,0.85755051894,0.0286111557688,0.0280123568675,0.139593579755,0.111581222887
True,best_single_expert,evaluator_only_reference,fold2,micro,0.497313021076,0.518975452181,0.0216624311047,0.74436032223,0.756993133168,0.0126328109375,0.0338785046729,0.25751503006,0.223636525387
True,best_single_expert,evaluator_only_reference,fold2,macro_category,0.589879872478,0.612283251385,0.0224033789071,0.79386923782,0.815069863864,0.0212006260444,0.0332845337614,0.213177414597,0.179892880835
True,best_single_expert,evaluator_only_reference,fold2,macro_run,0.630136298893,0.672594238137,0.0424579392441,0.827675025401,0.8479055824,0.0202305569992,0.0298615877808,0.145106483089,0.115244895308
True,best_single_expert,evaluator_only_reference,fold3,micro,0.523807801377,0.539480834437,0.0156730330595,0.750636847695,0.762939095694,0.012302247999,0.0660557464681,0.267942583732,0.201886837264
True,best_single_expert,evaluator_only_reference,fold3,macro_category,0.61117354226,0.621449591158,0.0102760488986,0.805486934971,0.813165907722,0.00767897275014,0.0592183985861,0.200316537757,0.141098139171
True,best_single_expert,evaluator_only_reference,fold3,macro_run,0.630901908636,0.676770821788,0.0458689131518,0.8287332916,0.849978217243,0.0212449256427,0.0553109537253,0.128965922944,0.073654969219
True,best_single_expert,evaluator_only_reference,fold4,micro,0.510587911882,0.521979353551,0.0113914416684,0.746386174714,0.758226968201,0.0118407934868,0.0487804878049,0.251043231514,0.202262743709
True,best_single_expert,evaluator_only_reference,fold4,macro_category,0.603249731308,0.627364143511,0.0241144122026,0.804284528585,0.825133436424,0.0208489078395,0.0387173141699,0.21409639715,0.17537908298
True,best_single_expert,evaluator_only_reference,fold4,macro_run,0.63135393738,0.679746652069,0.0483927146894,0.832007831803,0.85541298778,0.023405155977,0.0345303984507,0.141258500969,0.106728102518
True,category_prior,realizable_policy,fold0,micro,0.516958170067,0.522373299108,0.00541512904137,0.748999968223,0.758494100058,0.00949413183497,0.11390777145,0.190792928409,0.0768851569593
True,category_prior,realizable_policy,fold0,macro_category,0.612408552651,0.623789814855,0.0113812622037,0.805110083004,0.81708148134,0.011971398336,0.0790477385702,0.159286457032,0.0802387184619
True,category_prior,realizable_policy,fold0,macro_run,0.647820195981,0.677933061132,0.030112865151,0.834795437664,0.852601991298,0.0178065536345,0.0687299116657,0.103967489953,0.0352375782878
True,category_prior,realizable_policy,fold1,micro,0.514258424882,0.528047264105,0.0137888392234,0.744464001645,0.759342394029,0.014878392384,0.150483697599,0.25751786011,0.10703416251
True,category_prior,realizable_policy,fold1,macro_category,0.617015609641,0.622438105016,0.00542249537466,0.802764254591,0.815235789251,0.0124715346601,0.0852556193715,0.223896596627,0.138640977256
True,category_prior,realizable_policy,fold1,macro_run,0.652639811011,0.693018399989,0.0403785889779,0.834625501519,0.85755051894,0.0229250174218,0.0833763774043,0.139593579755,0.0562172023507
True,category_prior,realizable_policy,fold2,micro,0.50736187756,0.518975452181,0.0116135746214,0.744370831125,0.756993133168,0.0126223020431,0.151531434713,0.25751503006,0.105983595348
True,category_prior,realizable_policy,fold2,macro_category,0.602092729643,0.612283251385,0.0101905217417,0.800623767378,0.815069863864,0.0144460964864,0.0890753183193,0.213177414597,0.124102096277
True,category_prior,realizable_policy,fold2,macro_run,0.639780755392,0.672594238137,0.0328134827449,0.831619629404,0.8479055824,0.0162859529968,0.0855516448976,0.145106483089,0.0595548381911
True,category_prior,realizable_policy,fold3,micro,0.521043480185,0.539480834437,0.0184373542518,0.749189673025,0.762939095694,0.0137494226691,0.160227879651,0.267942583732,0.107714704081
True,category_prior,realizable_policy,fold3,macro_category,0.614183123459,0.621449591158,0.00726646769933,0.808967808894,0.813165907722,0.00419809882739,0.100348840599,0.200316537757,0.0999676971581
True,category_prior,realizable_policy,fold3,macro_run,0.646208153252,0.676770821788,0.0305626685368,0.83337254747,0.849978217243,0.0166056697723,0.0951072896209,0.128965922944,0.0338586333234
True,category_prior,realizable_policy,fold4,micro,0.524421752178,0.521979353551,-0.00244239862737,0.7490116834,0.758226968201,0.00921528480095,0.159276339127,0.251043231514,0.0917668923866
True,category_prior,realizable_policy,fold4,macro_category,0.60950866721,0.627364143511,0.0178554763012,0.809300671269,0.825133436424,0.0158327651549,0.102642260617,0.21409639715,0.111454136532
True,category_prior,realizable_policy,fold4,macro_run,0.639642041404,0.679746652069,0.0401046106647,0.834314456676,0.85541298778,0.0210985311039,0.0981365739656,0.141258500969,0.0431219270031
True,category_shot_prior,realizable_policy,fold0,micro,0.525739549538,0.522373299108,-0.0033662504298,0.757987356246,0.758494100058,0.000506743812066,0.246308724832,0.190792928409,-0.0555157964233
True,category_shot_prior,realizable_policy,fold0,macro_category,0.615780298401,0.623789814855,0.00800951645368,0.811236672722,0.81708148134,0.00584480861748,0.195727336807,0.159286457032,-0.0364408797744
True,category_shot_prior,realizable_policy,fold0,macro_run,0.665042251584,0.677933061132,0.0128908095481,0.84558435793,0.852601991298,0.00701763336898,0.122084423077,0.103967489953,-0.0181169331236
True,category_shot_prior,realizable_policy,fold1,micro,0.527442568844,0.528047264105,0.000604695260823,0.759348897801,0.759342394029,-6.50377175526e-06,0.247236180905,0.25751786011,0.0102816792051
True,category_shot_prior,realizable_policy,fold1,macro_category,0.625577125842,0.622438105016,-0.00313902082605,0.816823413008,0.815235789251,-0.00158762375704,0.195490232239,0.223896596627,0.0284063643885
True,category_shot_prior,realizable_policy,fold1,macro_run,0.685652736566,0.693018399989,0.00736566342311,0.854331863059,0.85755051894,0.00321865588173,0.121990220582,0.139593579755,0.0176033591731
True,category_shot_prior,realizable_policy,fold2,micro,0.513280422853,0.518975452181,0.00569502932836,0.753017763031,0.756993133168,0.00397537013697,0.252339572193,0.25751503006,0.00517545786761
True,category_shot_prior,realizable_policy,fold2,macro_category,0.606841928058,0.612283251385,0.00544132332711,0.807590732927,0.815069863864,0.00747913093662,0.203524651606,0.213177414597,0.00965276299071
True,category_shot_prior,realizable_policy,fold2,macro_run,0.662906685064,0.672594238137,0.00968755307298,0.844049861912,0.8479055824,0.00385572048855,0.12819002714,0.145106483089,0.0169164559487
True,category_shot_prior,realizable_policy,fold3,micro,0.516157831846,0.539480834437,0.0233230025907,0.751662758194,0.762939095694,0.0112763375001,0.212620027435,0.267942583732,0.0553225562972
True,category_shot_prior,realizable_policy,fold3,macro_category,0.608051994763,0.621449591158,0.0133975963952,0.808683100401,0.813165907722,0.0044828073209,0.175180420402,0.200316537757,0.0251361173548
True,category_shot_prior,realizable_policy,fold3,macro_run,0.660350836514,0.676770821788,0.0164199852743,0.842920949255,0.849978217243,0.0070572679876,0.112935038604,0.128965922944,0.0160308843405
True,category_shot_prior,realizable_policy,fold4,micro,0.526170942797,0.521979353551,-0.00419158924638,0.758397344882,0.758226968201,-0.000170376681092,0.262322196494,0.251043231514,-0.0112789649796
True,category_shot_prior,realizable_policy,fold4,macro_category,0.614279947106,0.627364143511,0.013084196405,0.814880296799,0.825133436424,0.010253139625,0.210357273221,0.21409639715,0.00373912392905
True,category_shot_prior,realizable_policy,fold4,macro_run,0.669977320217,0.679746652069,0.00976933185225,0.851199834148,0.85541298778,0.0042131536313,0.135913330277,0.141258500969,0.00534517069156
True,cost_aware,realizable_policy,fold0,micro,0.525739549538,0.522373299108,-0.0033662504298,0.757987356246,0.758494100058,0.000506743812066,0.246308724832,0.190792928409,-0.0555157964233
True,cost_aware,realizable_policy,fold0,macro_category,0.615780298401,0.623789814855,0.00800951645368,0.811236672722,0.81708148134,0.00584480861748,0.195727336807,0.159286457032,-0.0364408797744
True,cost_aware,realizable_policy,fold0,macro_run,0.665042251584,0.677933061132,0.0128908095481,0.84558435793,0.852601991298,0.00701763336898,0.122084423077,0.103967489953,-0.0181169331236
True,cost_aware,realizable_policy,fold1,micro,0.527442568844,0.528047264105,0.000604695260823,0.759348897801,0.759342394029,-6.50377175526e-06,0.247236180905,0.25751786011,0.0102816792051
True,cost_aware,realizable_policy,fold1,macro_category,0.625577125842,0.622438105016,-0.00313902082605,0.816823413008,0.815235789251,-0.00158762375704,0.195490232239,0.223896596627,0.0284063643885
True,cost_aware,realizable_policy,fold1,macro_run,0.685652736566,0.693018399989,0.00736566342311,0.854331863059,0.85755051894,0.00321865588173,0.121990220582,0.139593579755,0.0176033591731
True,cost_aware,realizable_policy,fold2,micro,0.513280422853,0.518975452181,0.00569502932836,0.753017763031,0.756993133168,0.00397537013697,0.252339572193,0.25751503006,0.00517545786761
True,cost_aware,realizable_policy,fold2,macro_category,0.606841928058,0.612283251385,0.00544132332711,0.807590732927,0.815069863864,0.00747913093662,0.203524651606,0.213177414597,0.00965276299071
True,cost_aware,realizable_policy,fold2,macro_run,0.662906685064,0.672594238137,0.00968755307298,0.844049861912,0.8479055824,0.00385572048855,0.12819002714,0.145106483089,0.0169164559487
True,cost_aware,realizable_policy,fold3,micro,0.516157831846,0.539480834437,0.0233230025907,0.751662758194,0.762939095694,0.0112763375001,0.212620027435,0.267942583732,0.0553225562972
True,cost_aware,realizable_policy,fold3,macro_category,0.608051994763,0.621449591158,0.0133975963952,0.808683100401,0.813165907722,0.0044828073209,0.175180420402,0.200316537757,0.0251361173548
True,cost_aware,realizable_policy,fold3,macro_run,0.660350836514,0.676770821788,0.0164199852743,0.842920949255,0.849978217243,0.0070572679876,0.112935038604,0.128965922944,0.0160308843405
True,cost_aware,realizable_policy,fold4,micro,0.528276844044,0.521979353551,-0.00629749049339,0.759422133665,0.758226968201,-0.00119516546405,0.262609558459,0.251043231514,-0.0115663269448
True,cost_aware,realizable_policy,fold4,macro_category,0.615398581806,0.627364143511,0.0119655617048,0.815610004067,0.825133436424,0.00952343235705,0.210586289382,0.21409639715,0.00351010776759
True,cost_aware,realizable_policy,fold4,macro_run,0.668042536189,0.679746652069,0.0117041158798,0.850452467795,0.85541298778,0.00496051998453,0.136262893323,0.141258500969,0.00499560764537
True,decision_tree_metadata,realizable_policy,fold0,micro,0.520064307915,0.522373299108,0.00230899119298,0.749249649847,0.758494100058,0.00924445021157,0.306771653543,0.190792928409,-0.115978725134
True,decision_tree_metadata,realizable_policy,fold0,macro_category,0.606340714309,0.623789814855,0.0174491005457,0.794279111662,0.81708148134,0.0228023696776,0.259175150923,0.159286457032,-0.0998886938905
True,decision_tree_metadata,realizable_policy,fold0,macro_run,0.656910155701,0.677933061132,0.0210229054311,0.838780436675,0.852601991298,0.0138215546233,0.153079574932,0.103967489953,-0.0491120849784
True,decision_tree_metadata,realizable_policy,fold1,micro,0.519604828881,0.528047264105,0.00844243522399,0.756689965948,0.759342394029,0.00265242808147,0.184242849623,0.25751786011,0.0732750104869
True,decision_tree_metadata,realizable_policy,fold1,macro_category,0.630051176686,0.622438105016,-0.00761307166947,0.820218410771,0.815235789251,-0.00498262152014,0.150510736328,0.223896596627,0.0733858602991
True,decision_tree_metadata,realizable_policy,fold1,macro_run,0.683473505115,0.693018399989,0.00954489487373,0.853390316241,0.85755051894,0.00416020269893,0.0970909790642,0.139593579755,0.0425026006908
True,decision_tree_metadata,realizable_policy,fold2,micro,0.503806260915,0.518975452181,0.0151691912658,0.749735477363,0.756993133168,0.00725765580466,0.196481449225,0.25751503006,0.0610335808352
True,decision_tree_metadata,realizable_policy,fold2,macro_category,0.61072528859,0.612283251385,0.00155796279481,0.813112110486,0.815069863864,0.00195775337821,0.178855265415,0.213177414597,0.0343221491818
True,decision_tree_metadata,realizable_policy,fold2,macro_run,0.662950596038,0.672594238137,0.00964364209822,0.844854192909,0.8479055824,0.00305138949171,0.115595983819,0.145106483089,0.0295104992695
True,decision_tree_metadata,realizable_policy,fold3,micro,0.525521991162,0.539480834437,0.0139588432746,0.755611840423,0.762939095694,0.00732725527044,0.310476190476,0.267942583732,-0.0425336067441
True,decision_tree_metadata,realizable_policy,fold3,macro_category,0.600280505638,0.621449591158,0.0211690855204,0.799097461259,0.813165907722,0.0140684464625,0.272960084321,0.200316537757,-0.0726435465638
True,decision_tree_metadata,realizable_policy,fold3,macro_run,0.654444640914,0.676770821788,0.0223261808744,0.839267355599,0.849978217243,0.0107108616434,0.168812062814,0.128965922944,-0.0398461398698
True,decision_tree_metadata,realizable_policy,fold4,micro,0.527728213949,0.521979353551,-0.00574886039838,0.755276537106,0.758226968201,0.00295043109569,0.331666145671,0.251043231514,-0.0806229141566
True,decision_tree_metadata,realizable_policy,fold4,macro_category,0.603577559408,0.627364143511,0.0237865841023,0.805822096562,0.825133436424,0.0193113398619,0.282722500154,0.21409639715,-0.068626103004
True,decision_tree_metadata,realizable_policy,fold4,macro_run,0.663636512103,0.679746652069,0.0161101399661,0.847789707505,0.85541298778,0.00762328027504,0.175737204762,0.141258500969,-0.0344787037934
True,fastest_expert,realizable_policy,fold0,micro,0.518409694018,0.522373299108,0.00396360509016,0.736645375914,0.758494100058,0.0218487241441,0.13084450888,0.190792928409,0.0599484195289
True,fastest_expert,realizable_policy,fold0,macro_category,0.591902030566,0.623789814855,0.0318877842881,0.793300118963,0.81708148134,0.023781362377,0.113096201116,0.159286457032,0.0461902559159
True,fastest_expert,realizable_policy,fold0,macro_run,0.614966945411,0.677933061132,0.0629661157213,0.824993799434,0.852601991298,0.0276081918648,0.0895551770194,0.103967489953,0.0144123129341
True,fastest_expert,realizable_policy,fold1,micro,0.510485249861,0.528047264105,0.0175620142437,0.732025978568,0.759342394029,0.0273164154612,0.103047091413,0.25751786011,0.154470768697
True,fastest_expert,realizable_policy,fold1,macro_category,0.591825633778,0.622438105016,0.0306124712378,0.796119177666,0.815235789251,0.019116611585,0.0908198948005,0.223896596627,0.133076701827
True,fastest_expert,realizable_policy,fold1,macro_run,0.615791247458,0.693018399989,0.0772271525311,0.823433111197,0.85755051894,0.0341174077431,0.0785727063069,0.139593579755,0.0610208734481
True,fastest_expert,realizable_policy,fold2,micro,0.504344678001,0.518975452181,0.0146307741802,0.733336829425,0.756993133168,0.023656303743,0.124817518248,0.25751503006,0.132697511812
True,fastest_expert,realizable_policy,fold2,macro_category,0.579781552544,0.612283251385,0.0325016988407,0.788557827775,0.815069863864,0.0265120360894,0.101292008648,0.213177414597,0.111885405948
True,fastest_expert,realizable_policy,fold2,macro_run,0.603571171346,0.672594238137,0.0690230667908,0.818278437455,0.8479055824,0.0296271449451,0.0849034396586,0.145106483089,0.0602030434301
True,fastest_expert,realizable_policy,fold3,micro,0.530651581484,0.539480834437,0.00882925295241,0.755868159476,0.762939095694,0.00707093621769,0.0958801498127,0.267942583732,0.172062433919
True,fastest_expert,realizable_policy,fold3,macro_category,0.608414343211,0.621449591158,0.0130352479472,0.806015973034,0.813165907722,0.00714993468788,0.0823653770873,0.200316537757,0.11795116067
True,fastest_expert,realizable_policy,fold3,macro_run,0.627316417133,0.676770821788,0.0494544046553,0.828006547208,0.849978217243,0.0219716700347,0.0728561980516,0.128965922944,0.0561097248927
True,fastest_expert,realizable_policy,fold4,micro,0.517014873546,0.521979353551,0.00496448000463,0.743521564599,0.758226968201,0.0147054036018,0.118616144975,0.251043231514,0.132427086539
True,fastest_expert,realizable_policy,fold4,macro_category,0.592534948278,0.627364143511,0.0348291952323,0.797900720903,0.825133436424,0.0272327155211,0.099265516663,0.21409639715,0.114830880487
True,fastest_expert,realizable_policy,fold4,macro_run,0.604514349227,0.679746652069,0.0752323028419,0.820435438563,0.85541298778,0.0349775492165,0.0840415657374,0.141258500969,0.0572169352313
True,multinomial_logistic_metadata,realizable_policy,fold0,micro,0.518236392016,0.522373299108,0.00413690709225,0.756199544444,0.758494100058,0.00229455561407,0.183479789104,0.190792928409,0.0073131393052
True,multinomial_logistic_metadata,realizable_policy,fold0,macro_category,0.620978278278,0.623789814855,0.00281153657689,0.814597779535,0.81708148134,0.00248370180433,0.150235112489,0.159286457032,0.009051344543
True,multinomial_logistic_metadata,realizable_policy,fold0,macro_run,0.668906787464,0.677933061132,0.00902627366791,0.845989255347,0.852601991298,0.00661273595193,0.0955516406676,0.103967489953,0.00841584928583
True,multinomial_logistic_metadata,realizable_policy,fold1,micro,0.515697182571,0.528047264105,0.0123500815339,0.752983349881,0.759342394029,0.00635904414814,0.154891790377,0.25751786011,0.102626069732
True,multinomial_logistic_metadata,realizable_policy,fold1,macro_category,0.626519231874,0.622438105016,-0.00408112685755,0.814307928305,0.815235789251,0.00092786094595,0.122751456112,0.223896596627,0.101145140515
True,multinomial_logistic_metadata,realizable_policy,fold1,macro_run,0.676478260744,0.693018399989,0.0165401392452,0.847321894444,0.85755051894,0.0102286244961,0.0807460687326,0.139593579755,0.0588475110224
True,multinomial_logistic_metadata,realizable_policy,fold2,micro,0.504084033492,0.518975452181,0.0148914186891,0.750692583218,0.756993133168,0.00630054994946,0.155830198818,0.25751503006,0.101684831242
True,multinomial_logistic_metadata,realizable_policy,fold2,macro_category,0.611580908545,0.612283251385,0.000702342840049,0.812179482705,0.815069863864,0.0028903811586,0.126678874381,0.213177414597,0.0864985402161
True,multinomial_logistic_metadata,realizable_policy,fold2,macro_run,0.660693195143,0.672594238137,0.0119010429938,0.843566980675,0.8479055824,0.004338601725,0.0817576441478,0.145106483089,0.063348838941
True,multinomial_logistic_metadata,realizable_policy,fold3,micro,0.51764818651,0.539480834437,0.0218326479269,0.75358323744,0.762939095694,0.00935585825404,0.186974789916,0.267942583732,0.0809677938161
True,multinomial_logistic_metadata,realizable_policy,fold3,macro_category,0.614234023273,0.621449591158,0.0072155678855,0.812306880539,0.813165907722,0.000859027182745,0.149784095856,0.200316537757,0.0505324419007
True,multinomial_logistic_metadata,realizable_policy,fold3,macro_run,0.659413025224,0.676770821788,0.0173577965646,0.841396512276,0.849978217243,0.00858170496683,0.0972051175289,0.128965922944,0.0317608054154
True,multinomial_logistic_metadata,realizable_policy,fold4,micro,0.516430604304,0.521979353551,0.00554874924679,0.756875094397,0.758226968201,0.00135187380399,0.187795069068,0.251043231514,0.0632481624459
True,multinomial_logistic_metadata,realizable_policy,fold4,macro_category,0.623086748217,0.627364143511,0.00427739529359,0.82229375827,0.825133436424,0.00283967815449,0.148783340068,0.21409639715,0.0653130570812
True,multinomial_logistic_metadata,realizable_policy,fold4,macro_run,0.674045426646,0.679746652069,0.00570122542299,0.852675677655,0.85541298778,0.00273731012496,0.097202810717,0.141258500969,0.0440556902517
True,random_seeded,realizable_policy,fold0,micro,0.507532945466,0.522373299108,0.0148403536425,0.735668876716,0.758494100058,0.0228252233421,0.372866260947,0.190792928409,-0.182073332538
True,random_seeded,realizable_policy,fold0,macro_category,0.548212927309,0.623789814855,0.0755768875451,0.744452137709,0.81708148134,0.072629343631,0.368570868669,0.159286457032,-0.209284411636
True,random_seeded,realizable_policy,fold0,macro_run,0.554278452636,0.677933061132,0.123654608496,0.753159360575,0.852601991298,0.0994426307235,0.353018077956,0.103967489953,-0.249050588002
True,random_seeded,realizable_policy,fold1,micro,0.497819735279,0.528047264105,0.0302275288262,0.729549517476,0.759342394029,0.0297928765533,0.379572724612,0.25751786011,-0.122054864503
True,random_seeded,realizable_policy,fold1,macro_category,0.546018807048,0.622438105016,0.0764192979684,0.743420034972,0.815235789251,0.0718157542797,0.381091203082,0.223896596627,-0.157194606455
True,random_seeded,realizable_policy,fold1,macro_run,0.555328576042,0.693018399989,0.137689823947,0.755483921071,0.85755051894,0.102066597869,0.371314574131,0.139593579755,-0.231720994376
True,random_seeded,realizable_policy,fold2,micro,0.496978970563,0.518975452181,0.0219964816183,0.731822701207,0.756993133168,0.0251704319604,0.381638958364,0.25751503006,-0.124123928304
True,random_seeded,realizable_policy,fold2,macro_category,0.543549818047,0.612283251385,0.0687334333379,0.746033317169,0.815069863864,0.0690365466951,0.38488528464,0.213177414597,-0.171707870044
True,random_seeded,realizable_policy,fold2,macro_run,0.554301878988,0.672594238137,0.118292359149,0.758656676102,0.8479055824,0.0892489062987,0.373022696861,0.145106483089,-0.227916213772
True,random_seeded,realizable_policy,fold3,micro,0.5062563193,0.539480834437,0.0332245151374,0.734255315556,0.762939095694,0.0286837801376,0.387058995755,0.267942583732,-0.119116412023
True,random_seeded,realizable_policy,fold3,macro_category,0.548485000001,0.621449591158,0.0729645911573,0.745485176478,0.813165907722,0.0676807312441,0.383718907543,0.200316537757,-0.183402369786
True,random_seeded,realizable_policy,fold3,macro_run,0.555731280722,0.676770821788,0.121039541067,0.753885022715,0.849978217243,0.0960931945273,0.371901958474,0.128965922944,-0.24293603553
True,random_seeded,realizable_policy,fold4,micro,0.498426771021,0.521979353551,0.0235525825296,0.730394147828,0.758226968201,0.0278328203728,0.380882782812,0.251043231514,-0.129839551298
True,random_seeded,realizable_policy,fold4,macro_category,0.543000358376,0.627364143511,0.0843637851344,0.743696970599,0.825133436424,0.0814364658249,0.379774348888,0.21409639715,-0.165677951738
True,random_seeded,realizable_policy,fold4,macro_run,0.550857413181,0.679746652069,0.128889238888,0.754122362831,0.85541298778,0.101290624949,0.370382748871,0.141258500969,-0.229124247903
True,run_level_oracle,evaluator_only_reference,fold0,micro,0.522373299108,0.522373299108,0,0.758494100058,0.758494100058,0,0.190792928409,0.190792928409,0
True,run_level_oracle,evaluator_only_reference,fold0,macro_category,0.623789814855,0.623789814855,0,0.81708148134,0.81708148134,0,0.159286457032,0.159286457032,0
True,run_level_oracle,evaluator_only_reference,fold0,macro_run,0.677933061132,0.677933061132,0,0.852601991298,0.852601991298,0,0.103967489953,0.103967489953,0
True,run_level_oracle,evaluator_only_reference,fold1,micro,0.528047264105,0.528047264105,0,0.759342394029,0.759342394029,0,0.25751786011,0.25751786011,0
True,run_level_oracle,evaluator_only_reference,fold1,macro_category,0.622438105016,0.622438105016,0,0.815235789251,0.815235789251,0,0.223896596627,0.223896596627,0
True,run_level_oracle,evaluator_only_reference,fold1,macro_run,0.693018399989,0.693018399989,0,0.85755051894,0.85755051894,0,0.139593579755,0.139593579755,0
True,run_level_oracle,evaluator_only_reference,fold2,micro,0.518975452181,0.518975452181,0,0.756993133168,0.756993133168,0,0.25751503006,0.25751503006,0
True,run_level_oracle,evaluator_only_reference,fold2,macro_category,0.612283251385,0.612283251385,0,0.815069863864,0.815069863864,0,0.213177414597,0.213177414597,0
True,run_level_oracle,evaluator_only_reference,fold2,macro_run,0.672594238137,0.672594238137,0,0.8479055824,0.8479055824,0,0.145106483089,0.145106483089,0
True,run_level_oracle,evaluator_only_reference,fold3,micro,0.539480834437,0.539480834437,0,0.762939095694,0.762939095694,0,0.267942583732,0.267942583732,0
True,run_level_oracle,evaluator_only_reference,fold3,macro_category,0.621449591158,0.621449591158,0,0.813165907722,0.813165907722,0,0.200316537757,0.200316537757,0
True,run_level_oracle,evaluator_only_reference,fold3,macro_run,0.676770821788,0.676770821788,0,0.849978217243,0.849978217243,0,0.128965922944,0.128965922944,0
True,run_level_oracle,evaluator_only_reference,fold4,micro,0.521979353551,0.521979353551,0,0.758226968201,0.758226968201,0,0.251043231514,0.251043231514,0
True,run_level_oracle,evaluator_only_reference,fold4,macro_category,0.627364143511,0.627364143511,0,0.825133436424,0.825133436424,0,0.21409639715,0.21409639715,0
True,run_level_oracle,evaluator_only_reference,fold4,macro_run,0.679746652069,0.679746652069,0,0.85541298778,0.85541298778,0,0.141258500969,0.141258500969,0
