evaluator_only,policy_name,policy_kind,fold,selected_expert,selection_count,selection_rate,num_runs_with_selection,total_runs,oracle_agreement_count,oracle_agreement_rate
True,best_single_expert,evaluator_only_reference,fold0,AnomalyDINO,6900,1,60,60,3638,0.527246376812
True,run_level_oracle,evaluator_only_reference,fold0,AnomalyDINO,3638,0.527246376812,32,60,3638,1
True,run_level_oracle,evaluator_only_reference,fold0,PatchCore,2660,0.385507246377,23,60,2660,1
True,run_level_oracle,evaluator_only_reference,fold0,WinCLIP,602,0.0872463768116,5,60,602,1
True,best_single_expert,evaluator_only_reference,fold1,AnomalyDINO,6900,1,60,60,3478,0.504057971014
True,run_level_oracle,evaluator_only_reference,fold1,AnomalyDINO,3478,0.504057971014,31,60,3478,1
True,run_level_oracle,evaluator_only_reference,fold1,PatchCore,2494,0.361449275362,21,60,2494,1
True,run_level_oracle,evaluator_only_reference,fold1,WinCLIP,928,0.134492753623,8,60,928,1
True,best_single_expert,evaluator_only_reference,fold2,AnomalyDINO,6900,1,60,60,3465,0.502173913043
True,run_level_oracle,evaluator_only_reference,fold2,AnomalyDINO,3465,0.502173913043,32,60,3465,1
True,run_level_oracle,evaluator_only_reference,fold2,PatchCore,2488,0.360579710145,20,60,2488,1
True,run_level_oracle,evaluator_only_reference,fold2,WinCLIP,947,0.137246376812,8,60,947,1
True,best_single_expert,evaluator_only_reference,fold3,PatchCore,6900,1,60,60,2730,0.395652173913
True,run_level_oracle,evaluator_only_reference,fold3,AnomalyDINO,3211,0.465362318841,29,60,3211,1
True,run_level_oracle,evaluator_only_reference,fold3,PatchCore,2730,0.395652173913,24,60,2730,1
True,run_level_oracle,evaluator_only_reference,fold3,WinCLIP,959,0.138985507246,7,60,959,1
True,best_single_expert,evaluator_only_reference,fold4,AnomalyDINO,6900,1,60,60,3508,0.508405797101
True,run_level_oracle,evaluator_only_reference,fold4,AnomalyDINO,3508,0.508405797101,31,60,3508,1
True,run_level_oracle,evaluator_only_reference,fold4,PatchCore,2519,0.365072463768,21,60,2519,1
True,run_level_oracle,evaluator_only_reference,fold4,WinCLIP,873,0.12652173913,8,60,873,1
True,always_anomalydino,realizable_policy,fold0,AnomalyDINO,6900,1,60,60,3638,0.527246376812
True,always_anomalydino,realizable_policy,fold1,AnomalyDINO,6900,1,60,60,3478,0.504057971014
True,always_anomalydino,realizable_policy,fold2,AnomalyDINO,6900,1,60,60,3465,0.502173913043
True,always_anomalydino,realizable_policy,fold3,AnomalyDINO,6900,1,60,60,3211,0.465362318841
True,always_anomalydino,realizable_policy,fold4,AnomalyDINO,6900,1,60,60,3508,0.508405797101
True,always_patchcore,realizable_policy,fold0,PatchCore,6900,1,60,60,2660,0.385507246377
True,always_patchcore,realizable_policy,fold1,PatchCore,6900,1,60,60,2494,0.361449275362
True,always_patchcore,realizable_policy,fold2,PatchCore,6900,1,60,60,2488,0.360579710145
True,always_patchcore,realizable_policy,fold3,PatchCore,6900,1,60,60,2730,0.395652173913
True,always_patchcore,realizable_policy,fold4,PatchCore,6900,1,60,60,2519,0.365072463768
True,always_winclip,realizable_policy,fold0,WinCLIP,6900,1,60,60,602,0.0872463768116
True,always_winclip,realizable_policy,fold1,WinCLIP,6900,1,60,60,928,0.134492753623
True,always_winclip,realizable_policy,fold2,WinCLIP,6900,1,60,60,947,0.137246376812
True,always_winclip,realizable_policy,fold3,WinCLIP,6900,1,60,60,959,0.138985507246
True,always_winclip,realizable_policy,fold4,WinCLIP,6900,1,60,60,873,0.12652173913
True,category_prior,realizable_policy,fold0,AnomalyDINO,4540,0.657971014493,40,60,3170,0.698237885463
True,category_prior,realizable_policy,fold0,PatchCore,1892,0.274202898551,16,60,1543,0.815539112051
True,category_prior,realizable_policy,fold0,WinCLIP,468,0.0678260869565,4,60,117,0.25
True,category_prior,realizable_policy,fold1,AnomalyDINO,4228,0.612753623188,36,60,2759,0.652554399243
True,category_prior,realizable_policy,fold1,PatchCore,2204,0.319420289855,20,60,1643,0.745462794918
True,category_prior,realizable_policy,fold1,WinCLIP,468,0.0678260869565,4,60,117,0.25
True,category_prior,realizable_policy,fold2,AnomalyDINO,4540,0.657971014493,40,60,2826,0.622466960352
True,category_prior,realizable_policy,fold2,PatchCore,1892,0.274202898551,16,60,1106,0.584566596195
True,category_prior,realizable_policy,fold2,WinCLIP,468,0.0678260869565,4,60,117,0.25
True,category_prior,realizable_policy,fold3,AnomalyDINO,4372,0.633623188406,36,60,2802,0.640896614822
True,category_prior,realizable_policy,fold3,PatchCore,2060,0.298550724638,20,60,1502,0.729126213592
True,category_prior,realizable_policy,fold3,WinCLIP,468,0.0678260869565,4,60,117,0.25
True,category_prior,realizable_policy,fold4,AnomalyDINO,3612,0.52347826087,32,60,2493,0.690199335548
True,category_prior,realizable_policy,fold4,PatchCore,2820,0.408695652174,24,60,1758,0.623404255319
True,category_prior,realizable_policy,fold4,WinCLIP,468,0.0678260869565,4,60,117,0.25
True,category_shot_prior,realizable_policy,fold0,AnomalyDINO,3374,0.488985507246,30,60,2649,0.785121517487
True,category_shot_prior,realizable_policy,fold0,PatchCore,2640,0.382608695652,23,60,1935,0.732954545455
True,category_shot_prior,realizable_policy,fold0,WinCLIP,886,0.128405797101,7,60,602,0.679458239278
True,category_shot_prior,realizable_policy,fold1,AnomalyDINO,3610,0.523188405797,32,60,2899,0.803047091413
True,category_shot_prior,realizable_policy,fold1,PatchCore,2404,0.348405797101,21,60,1825,0.759151414309
True,category_shot_prior,realizable_policy,fold1,WinCLIP,886,0.128405797101,7,60,886,1
True,category_shot_prior,realizable_policy,fold2,AnomalyDINO,3538,0.512753623188,31,60,2418,0.68343697004
True,category_shot_prior,realizable_policy,fold2,PatchCore,2476,0.35884057971,22,60,1447,0.584410339257
True,category_shot_prior,realizable_policy,fold2,WinCLIP,886,0.128405797101,7,60,602,0.679458239278
True,category_shot_prior,realizable_policy,fold3,AnomalyDINO,3568,0.517101449275,31,60,2661,0.745795964126
True,category_shot_prior,realizable_policy,fold3,PatchCore,2613,0.378695652174,23,60,1912,0.731725985457
True,category_shot_prior,realizable_policy,fold3,WinCLIP,719,0.104202898551,6,60,641,0.891515994437
True,category_shot_prior,realizable_policy,fold4,AnomalyDINO,3192,0.462608695652,29,60,2383,0.746553884712
True,category_shot_prior,realizable_policy,fold4,PatchCore,2822,0.408985507246,24,60,1621,0.574415308292
True,category_shot_prior,realizable_policy,fold4,WinCLIP,886,0.128405797101,7,60,602,0.679458239278
True,cost_aware,realizable_policy,fold0,AnomalyDINO,3374,0.488985507246,30,60,2649,0.785121517487
True,cost_aware,realizable_policy,fold0,PatchCore,2640,0.382608695652,23,60,1935,0.732954545455
True,cost_aware,realizable_policy,fold0,WinCLIP,886,0.128405797101,7,60,602,0.679458239278
True,cost_aware,realizable_policy,fold1,AnomalyDINO,3610,0.523188405797,32,60,2899,0.803047091413
True,cost_aware,realizable_policy,fold1,PatchCore,2404,0.348405797101,21,60,1825,0.759151414309
True,cost_aware,realizable_policy,fold1,WinCLIP,886,0.128405797101,7,60,886,1
True,cost_aware,realizable_policy,fold2,AnomalyDINO,3538,0.512753623188,31,60,2418,0.68343697004
True,cost_aware,realizable_policy,fold2,PatchCore,2476,0.35884057971,22,60,1447,0.584410339257
True,cost_aware,realizable_policy,fold2,WinCLIP,886,0.128405797101,7,60,602,0.679458239278
True,cost_aware,realizable_policy,fold3,AnomalyDINO,3568,0.517101449275,31,60,2661,0.745795964126
True,cost_aware,realizable_policy,fold3,PatchCore,2613,0.378695652174,23,60,1912,0.731725985457
True,cost_aware,realizable_policy,fold3,WinCLIP,719,0.104202898551,6,60,641,0.891515994437
True,cost_aware,realizable_policy,fold4,AnomalyDINO,2712,0.393043478261,24,60,2263,0.834439528024
True,cost_aware,realizable_policy,fold4,PatchCore,3302,0.478550724638,29,60,1981,0.599939430648
True,cost_aware,realizable_policy,fold4,WinCLIP,886,0.128405797101,7,60,602,0.679458239278
True,decision_tree_metadata,realizable_policy,fold0,AnomalyDINO,3591,0.520434782609,33,60,2856,0.795321637427
True,decision_tree_metadata,realizable_policy,fold0,PatchCore,2022,0.293043478261,17,60,1675,0.828387734916
True,decision_tree_metadata,realizable_policy,fold0,WinCLIP,1287,0.18652173913,10,60,602,0.467754467754
True,decision_tree_metadata,realizable_policy,fold1,AnomalyDINO,3539,0.512898550725,32,60,2861,0.808420457756
True,decision_tree_metadata,realizable_policy,fold1,PatchCore,2759,0.399855072464,23,60,1975,0.715839072128
True,decision_tree_metadata,realizable_policy,fold1,WinCLIP,602,0.0872463768116,5,60,602,1
True,decision_tree_metadata,realizable_policy,fold2,AnomalyDINO,3655,0.529710144928,32,60,2535,0.693570451436
True,decision_tree_metadata,realizable_policy,fold2,PatchCore,2601,0.376956521739,22,60,1405,0.540176855056
True,decision_tree_metadata,realizable_policy,fold2,WinCLIP,644,0.0933333333333,6,60,602,0.934782608696
True,decision_tree_metadata,realizable_policy,fold3,AnomalyDINO,3605,0.522463768116,33,60,2671,0.740915395284
True,decision_tree_metadata,realizable_policy,fold3,PatchCore,2106,0.305217391304,17,60,1567,0.744064577398
True,decision_tree_metadata,realizable_policy,fold3,WinCLIP,1189,0.17231884058,10,60,808,0.679562657696
True,decision_tree_metadata,realizable_policy,fold4,AnomalyDINO,3674,0.532463768116,34,60,2877,0.78307022319
True,decision_tree_metadata,realizable_policy,fold4,PatchCore,1982,0.287246376812,16,60,1468,0.740665993946
True,decision_tree_metadata,realizable_policy,fold4,WinCLIP,1244,0.180289855072,10,60,753,0.605305466238
True,fastest_expert,realizable_policy,fold0,PatchCore,6396,0.926956521739,56,60,2234,0.3492808005
True,fastest_expert,realizable_policy,fold0,WinCLIP,504,0.0730434782609,4,60,0,0
True,fastest_expert,realizable_policy,fold1,PatchCore,6396,0.926956521739,56,60,1990,0.311131957473
True,fastest_expert,realizable_policy,fold1,WinCLIP,504,0.0730434782609,4,60,0,0
True,fastest_expert,realizable_policy,fold2,PatchCore,6396,0.926956521739,56,60,2222,0.347404627892
True,fastest_expert,realizable_policy,fold2,WinCLIP,504,0.0730434782609,4,60,0,0
True,fastest_expert,realizable_policy,fold3,PatchCore,6396,0.926956521739,56,60,2304,0.360225140713
True,fastest_expert,realizable_policy,fold3,WinCLIP,504,0.0730434782609,4,60,0,0
True,fastest_expert,realizable_policy,fold4,PatchCore,6396,0.926956521739,56,60,2175,0.340056285178
True,fastest_expert,realizable_policy,fold4,WinCLIP,504,0.0730434782609,4,60,0,0
True,multinomial_logistic_metadata,realizable_policy,fold0,AnomalyDINO,4257,0.616956521739,38,60,3272,0.768616396523
True,multinomial_logistic_metadata,realizable_policy,fold0,PatchCore,2041,0.295797101449,17,60,1675,0.820676139147
True,multinomial_logistic_metadata,realizable_policy,fold0,WinCLIP,602,0.0872463768116,5,60,602,1
True,multinomial_logistic_metadata,realizable_policy,fold1,AnomalyDINO,4205,0.609420289855,37,60,2950,0.701545778835
True,multinomial_logistic_metadata,realizable_policy,fold1,PatchCore,2208,0.32,19,60,1565,0.708786231884
True,multinomial_logistic_metadata,realizable_policy,fold1,WinCLIP,487,0.0705797101449,4,60,487,1
True,multinomial_logistic_metadata,realizable_policy,fold2,AnomalyDINO,4287,0.621304347826,37,60,2826,0.659202239328
True,multinomial_logistic_metadata,realizable_policy,fold2,PatchCore,2126,0.308115942029,19,60,1106,0.520225776105
True,multinomial_logistic_metadata,realizable_policy,fold2,WinCLIP,487,0.0705797101449,4,60,487,1
True,multinomial_logistic_metadata,realizable_policy,fold3,AnomalyDINO,4125,0.597826086957,37,60,2823,0.684363636364
True,multinomial_logistic_metadata,realizable_policy,fold3,PatchCore,2173,0.314927536232,18,60,1634,0.751955821445
True,multinomial_logistic_metadata,realizable_policy,fold3,WinCLIP,602,0.0872463768116,5,60,524,0.870431893688
True,multinomial_logistic_metadata,realizable_policy,fold4,AnomalyDINO,4125,0.597826086957,37,60,3244,0.786424242424
True,multinomial_logistic_metadata,realizable_policy,fold4,PatchCore,2173,0.314927536232,18,60,1758,0.809019788311
True,multinomial_logistic_metadata,realizable_policy,fold4,WinCLIP,602,0.0872463768116,5,60,602,1
True,random_seeded,realizable_policy,fold0,AnomalyDINO,2285,0.33115942029,60,60,1230,0.53829321663
True,random_seeded,realizable_policy,fold0,PatchCore,2305,0.334057971014,60,60,881,0.382212581345
True,random_seeded,realizable_policy,fold0,WinCLIP,2310,0.334782608696,60,60,188,0.0813852813853
True,random_seeded,realizable_policy,fold1,AnomalyDINO,2285,0.33115942029,60,60,1161,0.508096280088
True,random_seeded,realizable_policy,fold1,PatchCore,2305,0.334057971014,60,60,843,0.365726681128
True,random_seeded,realizable_policy,fold1,WinCLIP,2310,0.334782608696,60,60,290,0.125541125541
True,random_seeded,realizable_policy,fold2,AnomalyDINO,2285,0.33115942029,60,60,1141,0.499343544858
True,random_seeded,realizable_policy,fold2,PatchCore,2305,0.334057971014,60,60,821,0.356182212581
True,random_seeded,realizable_policy,fold2,WinCLIP,2310,0.334782608696,60,60,313,0.135497835498
True,random_seeded,realizable_policy,fold3,AnomalyDINO,2285,0.33115942029,60,60,1049,0.459080962801
True,random_seeded,realizable_policy,fold3,PatchCore,2305,0.334057971014,60,60,906,0.39305856833
True,random_seeded,realizable_policy,fold3,WinCLIP,2310,0.334782608696,60,60,304,0.131601731602
True,random_seeded,realizable_policy,fold4,AnomalyDINO,2285,0.33115942029,60,60,1174,0.513785557987
True,random_seeded,realizable_policy,fold4,PatchCore,2305,0.334057971014,60,60,827,0.358785249458
True,random_seeded,realizable_policy,fold4,WinCLIP,2310,0.334782608696,60,60,284,0.122943722944
