expert,category,k_shot,num_runs,num_samples,num_normal,num_anomaly,image_auroc_mean,image_ap_mean,image_f1_max_mean
anomalydino,bottle,1,5,415,100,315,0.877777777778,0.960901011426,0.904244208488
anomalydino,bottle,2,5,415,100,315,0.909841269841,0.973574279076,0.916809073017
anomalydino,bottle,4,5,415,100,315,0.905555555556,0.971707857852,0.915363502002
anomalydino,bottle,8,5,415,100,315,0.921428571429,0.976573455684,0.936032532723
anomalydino,cable,1,5,750,290,460,0.645764617691,0.780558909392,0.780909699827
anomalydino,cable,2,5,750,290,460,0.69700149925,0.809588022642,0.790907644351
anomalydino,cable,4,5,750,290,460,0.746214392804,0.839999608655,0.7941467168
anomalydino,cable,8,5,750,290,460,0.740254872564,0.837377537516,0.786560923231
anomalydino,capsule,1,5,660,115,545,0.521579577184,0.851474617727,0.905318118949
anomalydino,capsule,2,5,660,115,545,0.553649780614,0.861667037533,0.906683736891
anomalydino,capsule,4,5,660,115,545,0.573274830475,0.870578527202,0.907585837717
anomalydino,capsule,8,5,660,115,545,0.575189469485,0.870401541956,0.909555517494
anomalydino,carpet,1,5,585,140,445,0.369983948636,0.728177140817,0.864077669903
anomalydino,carpet,2,5,585,140,445,0.373194221509,0.738752129517,0.864920672508
anomalydino,carpet,4,5,585,140,445,0.39341894061,0.744438880469,0.864077669903
anomalydino,carpet,8,5,585,140,445,0.408667736758,0.75162788146,0.864077669903
anomalydino,grid,1,5,390,105,285,0.393650793651,0.694237546646,0.86193988734
anomalydino,grid,2,5,390,105,285,0.470342522974,0.71735124292,0.863591714049
anomalydino,grid,4,5,390,105,285,0.426065162907,0.70537857906,0.865051674246
anomalydino,grid,8,5,390,105,285,0.626065162907,0.800927725305,0.879444091505
anomalydino,hazelnut,1,5,550,200,350,0.6755,0.81719863455,0.78628893887
anomalydino,hazelnut,2,5,550,200,350,0.7115,0.844548852054,0.791226358301
anomalydino,hazelnut,4,5,550,200,350,0.711785714286,0.841407102109,0.794340911264
anomalydino,hazelnut,8,5,550,200,350,0.724857142857,0.85049126946,0.793373876499
anomalydino,leather,1,5,620,160,460,0.499252717391,0.81424817563,0.851851851852
anomalydino,leather,2,5,620,160,460,0.541304347826,0.824989021046,0.852373500261
anomalydino,leather,4,5,620,160,460,0.562839673913,0.83109120181,0.851851851852
anomalydino,leather,8,5,620,160,460,0.540149456522,0.824346345047,0.851851851852
anomalydino,metal_nut,1,5,575,110,465,0.463538611926,0.789192071753,0.895776772247
anomalydino,metal_nut,2,5,575,110,465,0.430498533724,0.773491549406,0.894230769231
anomalydino,metal_nut,4,5,575,110,465,0.568426197458,0.834119046329,0.89916317933
anomalydino,metal_nut,8,5,575,110,465,0.492179863148,0.817190298808,0.895958751394
anomalydino,pill,1,5,835,130,705,0.660938352428,0.918148017239,0.916781257958
anomalydino,pill,2,5,835,130,705,0.722640480087,0.936466947837,0.919280740888
anomalydino,pill,4,5,835,130,705,0.694708128751,0.928398131501,0.920352234221
anomalydino,pill,8,5,835,130,705,0.720021822149,0.933943819929,0.921476813998
anomalydino,screw,1,5,800,205,595,0.437507686001,0.687795408947,0.853046594982
anomalydino,screw,2,5,800,205,595,0.375609756098,0.666244890203,0.853046594982
anomalydino,screw,4,5,800,205,595,0.380487804878,0.669069356721,0.853046594982
anomalydino,screw,8,5,800,205,595,0.309899569584,0.636313339343,0.853046594982
anomalydino,tile,1,5,585,165,420,0.728787878788,0.867214524032,0.858357876583
anomalydino,tile,2,5,585,165,420,0.813275613276,0.912035264337,0.879448210603
anomalydino,tile,4,5,585,165,420,0.816233766234,0.91317633061,0.878697350803
anomalydino,tile,8,5,585,165,420,0.844877344877,0.926908882186,0.893476334876
anomalydino,toothbrush,1,5,210,60,150,0.639444444444,0.835960361532,0.870576783601
anomalydino,toothbrush,2,5,210,60,150,0.686111111111,0.841283479598,0.886554230084
anomalydino,toothbrush,4,5,210,60,150,0.771111111111,0.864588658463,0.907693369115
anomalydino,toothbrush,8,5,210,60,150,0.966111111111,0.986790344745,0.949684991693
anomalydino,transistor,1,5,500,300,200,0.66425,0.652623749171,0.61334965908
anomalydino,transistor,2,5,500,300,200,0.7485,0.739395859385,0.669408369408
anomalydino,transistor,4,5,500,300,200,0.7575,0.756630137401,0.667601163987
anomalydino,transistor,8,5,500,300,200,0.768833333333,0.769525788546,0.680538811416
anomalydino,wood,1,5,395,95,300,0.694385964912,0.895006329779,0.881337992463
anomalydino,wood,2,5,395,95,300,0.779298245614,0.928562342436,0.889120958188
anomalydino,wood,4,5,395,95,300,0.866666666667,0.956845067914,0.910456020116
anomalydino,wood,8,5,395,95,300,0.854385964912,0.951302896249,0.893833617707
anomalydino,zipper,1,5,755,160,595,0.565651260504,0.821779647727,0.882619587969
anomalydino,zipper,2,5,755,160,595,0.562867647059,0.811885054815,0.884117715309
anomalydino,zipper,4,5,755,160,595,0.572006302521,0.808121406385,0.885806283145
anomalydino,zipper,8,5,755,160,595,0.53518907563,0.788490997015,0.886466550581
patchcore,bottle,1,5,415,100,315,0.907777777778,0.972249076548,0.920725871492
patchcore,bottle,2,5,415,100,315,0.915714285714,0.976155236076,0.914262763201
patchcore,bottle,4,5,415,100,315,0.914285714286,0.976012601292,0.917007689674
patchcore,bottle,8,5,415,100,315,0.92873015873,0.979745083452,0.920607592631
patchcore,cable,1,5,750,290,460,0.658020989505,0.789655382489,0.772885529083
patchcore,cable,2,5,750,290,460,0.678448275862,0.798199870365,0.773033249106
patchcore,cable,4,5,750,290,460,0.685607196402,0.807835625585,0.769962067803
patchcore,cable,8,5,750,290,460,0.727698650675,0.829811654274,0.77897795619
patchcore,capsule,1,5,660,115,545,0.518228958915,0.851496998521,0.905318118949
patchcore,capsule,2,5,660,115,545,0.548544076586,0.862859820672,0.906832034121
patchcore,capsule,4,5,660,115,545,0.576067012365,0.871554926647,0.905929933295
patchcore,capsule,8,5,660,115,545,0.560191463901,0.866597737146,0.907271406488
patchcore,carpet,1,5,585,140,445,0.267817014446,0.691024738832,0.864077669903
patchcore,carpet,2,5,585,140,445,0.313001605136,0.710326470969,0.864077669903
patchcore,carpet,4,5,585,140,445,0.357945425361,0.734786539357,0.864077669903
patchcore,carpet,8,5,585,140,445,0.39911717496,0.759814602439,0.864077669903
patchcore,grid,1,5,390,105,285,0.325647451963,0.657299199483,0.862181774057
patchcore,grid,2,5,390,105,285,0.478195488722,0.735565887863,0.856303720887
patchcore,grid,4,5,390,105,285,0.421888053467,0.708652932896,0.862562495561
patchcore,grid,8,5,390,105,285,0.626399331662,0.805772751599,0.876592116246
patchcore,hazelnut,1,5,550,200,350,0.630428571429,0.78482114999,0.78077845494
patchcore,hazelnut,2,5,550,200,350,0.650071428571,0.805656850657,0.781564209102
patchcore,hazelnut,4,5,550,200,350,0.621071428571,0.788483791164,0.782543584287
patchcore,hazelnut,8,5,550,200,350,0.648285714286,0.807317629107,0.780394618459
patchcore,leather,1,5,620,160,460,0.513586956522,0.822557449506,0.851851851852
patchcore,leather,2,5,620,160,460,0.558763586957,0.836453111996,0.852097595226
patchcore,leather,4,5,620,160,460,0.589673913043,0.848657904681,0.851851851852
patchcore,leather,8,5,620,160,460,0.581589673913,0.847568687445,0.851851851852
patchcore,metal_nut,1,5,575,110,465,0.506353861193,0.820832445569,0.8977120211
patchcore,metal_nut,2,5,575,110,465,0.499706744868,0.83082062185,0.895967139656
patchcore,metal_nut,4,5,575,110,465,0.597947214076,0.855000674623,0.903835174487
patchcore,metal_nut,8,5,575,110,465,0.585434995112,0.865219496112,0.895958751394
patchcore,pill,1,5,835,130,705,0.615493726132,0.9017038122,0.918420709725
patchcore,pill,2,5,835,130,705,0.642225859247,0.915865309972,0.917270932218
patchcore,pill,4,5,835,130,705,0.653409710857,0.917942833519,0.916956621849
patchcore,pill,8,5,835,130,705,0.685815602837,0.921661776168,0.92385290766
patchcore,screw,1,5,800,205,595,0.41893830703,0.679234095839,0.853046594982
patchcore,screw,2,5,800,205,595,0.356671449067,0.653978849371,0.853046594982
patchcore,screw,4,5,800,205,595,0.370526747284,0.662849940194,0.853046594982
patchcore,screw,8,5,800,205,595,0.322238163558,0.642166441775,0.853046594982
patchcore,tile,1,5,585,165,420,0.721500721501,0.874386733225,0.845967982043
patchcore,tile,2,5,585,165,420,0.808297258297,0.91847958461,0.860687581402
patchcore,tile,4,5,585,165,420,0.80404040404,0.916187628866,0.860325424097
patchcore,tile,8,5,585,165,420,0.826479076479,0.926071390472,0.868500551624
patchcore,toothbrush,1,5,210,60,150,0.631111111111,0.829671681881,0.864739331127
patchcore,toothbrush,2,5,210,60,150,0.687777777778,0.844008093152,0.881408162738
patchcore,toothbrush,4,5,210,60,150,0.764444444444,0.863273000904,0.911753087532
patchcore,toothbrush,8,5,210,60,150,0.953333333333,0.983116916305,0.937652759579
patchcore,transistor,1,5,500,300,200,0.711333333333,0.710577260321,0.643193100526
patchcore,transistor,2,5,500,300,200,0.695583333333,0.699638169371,0.622024163201
patchcore,transistor,4,5,500,300,200,0.74375,0.735786916686,0.660396442213
patchcore,transistor,8,5,500,300,200,0.740833333333,0.748984549741,0.652637631976
patchcore,wood,1,5,395,95,300,0.664561403509,0.887123558014,0.873890758995
patchcore,wood,2,5,395,95,300,0.754210526316,0.91754589047,0.879691727618
patchcore,wood,4,5,395,95,300,0.798771929825,0.931042588494,0.882069017419
patchcore,wood,8,5,395,95,300,0.777719298246,0.928056546451,0.8791068988
patchcore,zipper,1,5,755,160,595,0.596113445378,0.821786231763,0.882457912458
patchcore,zipper,2,5,755,160,595,0.624894957983,0.837518398162,0.885269456295
patchcore,zipper,4,5,755,160,595,0.645850840336,0.838520783608,0.88344761118
patchcore,zipper,8,5,755,160,595,0.630462184874,0.828684702754,0.88824959186
winclip,bottle,1,5,415,100,315,0.56,0.813000920948,0.86301369863
winclip,bottle,2,5,415,100,315,0.574920634921,0.828714875263,0.865410958904
winclip,bottle,4,5,415,100,315,0.528253968254,0.807277260019,0.863072829408
winclip,bottle,8,5,415,100,315,0.55619047619,0.818170445395,0.868263407373
winclip,cable,1,5,750,290,460,0.466004497751,0.665596441662,0.760330578512
winclip,cable,2,5,750,290,460,0.593403298351,0.661509864169,0.769550169441
winclip,cable,4,5,750,290,460,0.524025487256,0.639116442042,0.763745398709
winclip,cable,8,5,750,290,460,0.529497751124,0.643374808726,0.760961558246
winclip,capsule,1,5,660,115,545,0.703390506582,0.867669796816,0.922832825722
winclip,capsule,2,5,660,115,545,0.418907060231,0.774476051362,0.905761188082
winclip,capsule,4,5,660,115,545,0.503629836458,0.791076829949,0.908970018508
winclip,capsule,8,5,660,115,545,0.483845233347,0.783867708955,0.911399330948
winclip,carpet,1,5,585,140,445,0.811637239165,0.937216713665,0.881103793048
winclip,carpet,2,5,585,140,445,0.278972712681,0.659257672115,0.864077669903
winclip,carpet,4,5,585,140,445,0.308828250401,0.678348841408,0.864077669903
winclip,carpet,8,5,585,140,445,0.292134831461,0.66877661032,0.864077669903
winclip,grid,1,5,390,105,285,0.599164578112,0.820492522729,0.853323856906
winclip,grid,2,5,390,105,285,0.334168755221,0.669324803423,0.852677989364
winclip,grid,4,5,390,105,285,0.174770258981,0.584810648402,0.845704809287
winclip,grid,8,5,390,105,285,0.249289891395,0.617988289637,0.845252525253
winclip,hazelnut,1,5,550,200,350,0.347857142857,0.553020571234,0.777777777778
winclip,hazelnut,2,5,550,200,350,0.385071428571,0.652638022456,0.777777777778
winclip,hazelnut,4,5,550,200,350,0.3645,0.652216350855,0.777777777778
winclip,hazelnut,8,5,550,200,350,0.367928571429,0.649261642525,0.777777777778
winclip,leather,1,5,620,160,460,0.361413043478,0.728487104511,0.851851851852
winclip,leather,2,5,620,160,460,0.362296195652,0.722168098865,0.851851851852
winclip,leather,4,5,620,160,460,0.362975543478,0.722780128528,0.851851851852
winclip,leather,8,5,620,160,460,0.361345108696,0.722582366288,0.851851851852
winclip,metal_nut,1,5,575,110,465,0.682600195503,0.900029736501,0.899949600853
winclip,metal_nut,2,5,575,110,465,0.383968719453,0.778013150151,0.894694960212
winclip,metal_nut,4,5,575,110,465,0.53128054741,0.839209660176,0.899448391526
winclip,metal_nut,8,5,575,110,465,0.468523949169,0.810854043837,0.895094760312
winclip,pill,1,5,835,130,705,0.6715766503,0.910216515268,0.918645000998
winclip,pill,2,5,835,130,705,0.47746863066,0.847118445259,0.923222703223
winclip,pill,4,5,835,130,705,0.421112929624,0.822908973653,0.915584415584
winclip,pill,8,5,835,130,705,0.476813966176,0.835326765548,0.917800865801
winclip,screw,1,5,800,205,595,0.997786431646,0.999320637413,0.99492955732
winclip,screw,2,5,800,205,595,0.0136503381841,0.537497158397,0.853046594982
winclip,screw,4,5,800,205,595,0.0445583111293,0.556390334754,0.853046594982
winclip,screw,8,5,800,205,595,0.000286944045911,0.533993396375,0.853046594982
winclip,tile,1,5,585,165,420,0.751587301587,0.897763944946,0.846330060776
winclip,tile,2,5,585,165,420,0.601587301587,0.777604157122,0.840861021526
winclip,tile,4,5,585,165,420,0.581313131313,0.760429044761,0.843111084255
winclip,tile,8,5,585,165,420,0.569336219336,0.758282429575,0.840861021526
winclip,toothbrush,1,5,210,60,150,0.58,0.824239731067,0.840579710145
winclip,toothbrush,2,5,210,60,150,0.664444444444,0.860855404891,0.849275362319
winclip,toothbrush,4,5,210,60,150,0.631111111111,0.805546667764,0.852425092707
winclip,toothbrush,8,5,210,60,150,0.725555555556,0.887245037287,0.848103111422
winclip,transistor,1,5,500,300,200,0.359666666667,0.38629859954,0.573931178311
winclip,transistor,2,5,500,300,200,0.45075,0.416520774933,0.584052013048
winclip,transistor,4,5,500,300,200,0.532916666667,0.46678152218,0.582203427162
winclip,transistor,8,5,500,300,200,0.49875,0.435615871368,0.577349375911
winclip,wood,1,5,395,95,300,0.255087719298,0.7124126216,0.863309352518
winclip,wood,2,5,395,95,300,0.641403508772,0.880147321142,0.863309352518
winclip,wood,4,5,395,95,300,0.737368421053,0.90449155944,0.87926114145
winclip,wood,8,5,395,95,300,0.687192982456,0.893505769775,0.865829963766
winclip,zipper,1,5,755,160,595,0.545430672269,0.838221163043,0.881481481481
winclip,zipper,2,5,755,160,595,0.517857142857,0.82582411863,0.881481481481
winclip,zipper,4,5,755,160,595,0.50724789916,0.805638177466,0.881481481481
winclip,zipper,8,5,755,160,595,0.544642857143,0.825405388686,0.88345250205
